{
  "project_info": {
    "project_number": "208665502616",
    "firebase_url": "https://fir-notifications-97e8e.firebaseio.com",
    "project_id": "fir-notifications-97e8e",
    "storage_bucket": "fir-notifications-97e8e.appspot.com"
  },
  "client": [
    {
      "client_info": {
        "mobilesdk_app_id": "1:208665502616:android:487fb253fafc6880",
        "android_client_info": {
          "package_name": "com.example.enock.retrofit"
        }
      },
      "oauth_client": [
        {
          "client_id": "208665502616-63le1fb24tmdoum44m5t39qgs382cvou.apps.googleusercontent.com",
          "client_type": 3
        }
      ],
      "api_key": [
        {
          "current_key": "AIzaSyAgt5O8G7AwHGcJsJi0G4L71exL3_0OfsA"
        }
      ],
      "services": {
        "analytics_service": {
          "status": 1
        },
        "appinvite_service": {
          "status": 1,
          "other_platform_oauth_client": []
        },
        "ads_service": {
          "status": 2
        }
      }
    }
  ],
  "configuration_version": "1"
}