{
  "project_info": {
    "project_number": "1095213901064",
    "project_id": "leave-notofications"
  },
  "client": [
    {
      "client_info": {
        "mobilesdk_app_id": "1:1095213901064:android:487fb253fafc6880",
        "android_client_info": {
          "package_name": "com.example.enock.retrofit"
        }
      },
      "oauth_client": [],
      "api_key": [
        {
          "current_key": "AIzaSyD5bzHnABxkdUHjVx-OLDSezWKQNF6trBs"
        }
      ],
      "services": {
        "analytics_service": {
          "status": 1
        },
        "appinvite_service": {
          "status": 1,
          "other_platform_oauth_client": []
        },
        "ads_service": {
          "status": 1
        }
      }
    }
  ],
  "configuration_version": "1"
}